table,domain,kind,note,ddl_file,content_columns,world_db_rows,v17_rows_attested_snapshot,v17_rows_added_after_snapshot,v17_import_stages,v17_imported,empty_in_v17
building_layout_edges,buildings,content,,10.sql,layout_template_id from_node_id to_node_id passage_category_id access_policy,0,0,0,,no,EMPTY
building_layout_nodes,buildings,content,,10.sql,layout_template_id slot_key room_template_id required ordinal,0,9,0,gate1_item_container:9,yes,
building_layout_templates,buildings,content,,10.sql,region_id building_template_id valid_from valid_to,0,9,0,gate1_item_container:9,yes,
building_templates,buildings,content,,08.sql,region_id title building_type summary allowed_place_types allowed_location_types required_economy required_social_order typical_owner typical_controller typical_users materials size_band wealth_level condition_band layout_rules room_templates storage_rules access_rules locked_area_rules hidden_area_rules fire_risk theft_risk social_risk typical_objects typical_npc_roles typical_activities,0,9,0,gate1_item_container:9,yes,
g4_materialization_bindings,buildings,content,v2,10.sql,profile_id graph_node_id node_type place_template_id building_template_id priority applicability valid_from valid_to,0,9,0,gate1_item_container:9,yes,
g4_materialization_layout_edges,buildings,content,v2,10.sql,profile_id from_anchor_slot_key to_anchor_slot_key g5_edge_template_id ordinal,0,18,0,gate1_item_container:18,yes,
g4_materialization_profiles,buildings,content,v2 G4->G5 profile,10.sql,region_id layout_template_id maximum_g5_nodes player_start_anchor_slot_key visibility_model access_model valid_from valid_to,0,9,0,gate1_item_container:9,yes,
g5_anchor_templates,buildings,content,v2 G5,10.sql,category_id can_hold_npc can_hold_item can_hold_container npc_capacity item_capacity container_capacity access_policy visibility_policy initial_state valid_from valid_to,0,27,0,gate1_item_container:27,yes,
g5_edge_templates,buildings,content,v2 G5,10.sql,passage_category_id access_policy visibility_policy initial_state valid_from valid_to,0,9,0,gate1_item_container:9,yes,
g5_minilocation_templates,buildings,content,v2 G5,10.sql,category_id capacity access_policy visibility_policy initial_state valid_from valid_to,0,9,0,gate1_item_container:9,yes,
materialization_slot_rules,buildings,content,v2 slot min/max,10.sql,profile_id slot_key slot_domain min_count max_count g5_minilocation_template_id g5_anchor_template_id g5_edge_template_id parent_node_slot_key entry_role required valid_from valid_to applicability,0,48,0,gate1_item_container:48,yes,
place_buildings,buildings,world_instance,,07.sql,region_id place_id location_id title building_type summary function owner_or_holder controller public_private_level access_rules legal_status religious_status wealth_level condition materials size_band floors_or_sections typical_rooms typical_objects typical_npc_roles typical_activities storage_logic locked_areas hidden_area_policy fire_risk theft_risk social_risk,0,0,0,,no,EMPTY
room_templates,buildings,content,,10.sql,region_id room_category_id capacity access_policy visibility_policy,0,9,0,gate1_item_container:9,yes,
category_labels,categories,content,names/labels of categories,09.sql,category_id language label label_type valid_from valid_to source_id,0,146,0,gate1_item_container:146,yes,
category_scheme_mappings,categories,content,,09.sql,category_id classification_scheme_id external_concept_id mapping_type mapping_evidence source_id,0,0,0,,no,EMPTY
classification_schemes,categories,content,,09.sql,title authority scheme_version release_date canonical_reference license_or_usage_note snapshot_digest,0,0,0,,no,EMPTY
region_category_options,categories,content,regional permission+weight of any category,09.sql,region_id category_id valid_from valid_to weight applicability,0,404,0,gate1_item_container:362; appearance_v3:42,yes,
universal_categories,categories,content,generic category registry across domains,09.sql,domain parent_category_id stable_code facet preferred_label definition scope_note inclusion_rules exclusion_rules replaced_by_category_id title,0,465,0,gate1_item_container:366; p12:57; appearance_v3:42,yes,
universal_category_relations,categories,content,,09.sql,from_category_id to_category_id relation_type,0,41,0,gate1_item_container:41,yes,
universal_parameter_definitions,categories,content,,09.sql,category_id parameter_key value_type constraints,0,0,0,,no,EMPTY
region_appearance_profile_entries,clothing_appearance,content,,21.sql,appearance_profile_id facet option_id weight applicability,,36,0,appearance_v3:36,yes,
region_appearance_profiles,clothing_appearance,content,,09.sql,region_id appearance_option_id weight,0,1,0,appearance_v3:1,yes,
region_clothing_profiles,clothing_appearance,content,,09.sql,region_id garment_category_id slot_key constraints,0,0,0,,no,EMPTY
region_equipment_profile_entries,clothing_appearance,content,,09.sql,equipment_profile_id item_template_id item_category_id slot_key required weight,0,1,0,gate1_item_container:1,yes,
region_equipment_profiles,clothing_appearance,content,equipment sets by role/occupation,09.sql,region_id social_role_id occupation_id,0,1,0,gate1_item_container:1,yes,
container_content_category_relations,containers,content,,10.sql,container_category_id content_category_id compatibility,0,94,0,gate1_item_container:94,yes,
container_content_profile_entries,containers,content,,10.sql,profile_id item_template_id item_category_id min_quantity max_quantity required weight,0,4,0,gate1_item_container:4,yes,
container_content_profiles,containers,content,,10.sql,container_template_id empty_allowed,0,18,0,gate1_item_container:18,yes,
container_template_facet_bindings,containers,content,,10.sql,container_template_id category_id facet requires_regional_permission,0,170,0,gate1_item_container:170,yes,
container_template_inventory_profiles,containers,content,,10.sql,container_template_id source_id mass_grams carry_form external_hand_cost inventory_role,0,18,0,gate1_item_container:18,yes,
container_template_source_bindings,containers,provenance_infra,,10.sql,container_template_id source_id evidence_class claim_scope valid_from valid_to notes,0,72,0,gate1_item_container:72,yes,
container_templates,containers,content,,10.sql,region_id category_id source_id capacity packing_slot_cost capacity_policy access_policy,0,18,0,gate1_item_container:18,yes,
g4_container_materialization_rules,containers,content,v2 per graph_node presence,11.sql,graph_node_id slot_rule_id container_template_id content_profile_id property_profile_id min_count max_count causal_basis_type causal_basis_id applicability valid_from valid_to weight,0,18,0,gate1_item_container:18,yes,
decision_command_catalog,decisions_llm,content,,09.sql,domain handler_id input_schema_id,0,0,0,,no,EMPTY
decision_policy_options,decisions_llm,content,,09.sql,policy_profile_id command_id option_order preconditions costs risk_metadata,0,0,0,,no,EMPTY
decision_policy_profiles,decisions_llm,content,,09.sql,region_id context_domain state_schema_version applicability,0,0,0,,no,EMPTY
llm_context_packs,decisions_llm,content,,06.sql,region_id title context_type summary included_tables included_record_ids prompt_text hard_constraints forbidden_assumptions known_gaps use_when do_not_use_when max_tokens_estimate,0,0,0,,no,EMPTY
llm_validation_rules,decisions_llm,content,,06.sql,region_id title validation_type rule_text applies_to_table applies_to_generation_step severity failure_message repair_instruction examples_valid examples_invalid,0,0,0,,no,EMPTY
region_gaps,decisions_llm,provenance_infra,known data gaps registry,06.sql,region_id title gap_type summary why_needed affected_tables priority risk_if_missing suggested_sources suggested_research_query current_workaround blocked_generation_steps,0,0,0,,no,EMPTY
price_bands,economy,content,,05.sql,region_id title item_or_service_type value_band normal_price_description cheap_condition expensive_condition scarcity_factors seasonal_modifiers war_modifiers road_modifiers status_modifiers trade_place_modifiers who_can_afford who_can_sell who_controls_supply barter_options tax_or_duty risk_of_fraud,0,0,0,,no,EMPTY
region_economy,economy,content,"production/resources/goods, incl. crafts",02.sql,region_id title economy_type resource_or_activity production_method seasonality required_landscape required_settlement_type required_tools required_roles labor_intensity wealth_level risk_level goods_produced goods_consumed goods_imported goods_exported trade_graph_edges market_access storage_requirements spoilage_or_loss_risk who_controls_it tax_or_duty social_status_link conflict_potential,0,0,0,,no,EMPTY
historical_anchors,history_events,world_instance,historical places/landmarks,06.sql,region_id place_id canonical_name display_name anchor_type summary historical_status period_start_year period_end_year approximate_bearing distance_band zone_of_influence access_graph_edges visible_signs economic_influence political_influence religious_influence military_influence trade_influence character_knowledge_common character_knowledge_trader character_knowledge_elite character_knowledge_clergy character_knowledge_outsider discovery_conditions llm_use_rules llm_forbidden_changes,28,28,0,gate1_seed,yes,
historical_event_phases,history_events,content,,07.sql,event_id region_id phase_name phase_order date_start date_end date_confidence trigger_condition summary visible_signs hidden_processes affected_places affected_graph_edges affected_roles affected_goods npc_behavior_changes price_changes security_changes law_changes rumor_templates delayed_event_rules what_character_can_know what_character_cannot_know,0,0,0,,no,EMPTY
historical_events,history_events,content,,07.sql,region_id title event_type period_start_year period_end_year approximate_date date_confidence historical_status summary cause participants affected_regions affected_places current_phase phase_logic local_signs economic_effect road_effect law_effect social_effect military_effect religious_effect npc_knowledge_effect rumor_effect what_commoners_know what_traders_know what_elites_know what_clergy_know what_outsiders_know hidden_truth_policy future_knowledge_forbidden,0,0,0,,no,EMPTY
historical_figures,history_events,world_instance,,07.sql,region_id title canonical_name alt_names figure_type social_status political_role religious_role military_role social_class_id role_archetype_id social_position_archetype_id period_start_year period_end_year summary region_of_influence linked_events linked_places current_location_policy direct_encounter_policy influence_method orders_or_effects reputation what_commoners_know what_traders_know what_elites_know what_clergy_know what_outsiders_know can_appear_directly appearance_conditions forbidden_uses,0,0,0,,no,EMPTY
g4_item_materialization_rules,items,content,v2 per graph_node presence,11.sql,graph_node_id slot_rule_id item_profile_id property_profile_id min_count max_count economic_basis causal_basis_type causal_basis_id applicability valid_from valid_to weight,0,9,0,gate1_item_container:9,yes,
item_classification_migration_inventory,items,migration_evidence,,10.sql,legacy_table_name legacy_record_id legacy_field_name legacy_value resolution_status resolved_category_id report_note,0,0,0,,no,EMPTY
item_profile_entries,items,content,,10.sql,profile_id item_template_id item_category_id slot_key min_quantity max_quantity required weight,0,102,0,gate1_item_container:102,yes,
item_profile_sets,items,content,,10.sql,region_id context_domain applicability,0,9,0,gate1_item_container:9,yes,
item_template_category_bindings,items,content,,10.sql,item_template_id category_id binding_kind packing_slot_cost packing_bundle_size exclusivity_group requires_regional_permission,0,842,0,gate1_item_container:842,yes,
item_template_inventory_profiles,items,content,mass/carry,10.sql,item_template_id source_id mass_grams carry_form external_hand_cost,0,102,0,gate1_item_container:102,yes,
item_template_quantity_profiles,items,content,,10.sql,item_template_id quantity_unit_id quantity_dimension minimum_quantity maximum_quantity default_quantity_policy mass_grams_per_unit stackable partial_consumption_allowed source_id,0,102,0,gate1_item_container:102,yes,
item_template_source_bindings,items,provenance_infra,,10.sql,item_template_id source_id evidence_class claim_scope valid_from valid_to notes,0,408,0,gate1_item_container:408,yes,
item_templates,items,content,,07.sql,region_id material_culture_id title item_type summary function typical_material weight_band size_band durability quality_band value_band rarity legal_status social_status_signal typical_owner_roles typical_holder_roles typical_locations typical_containers visibility_default access_default marking_default risk_default skill_use attribute_use possible_modifiers failure_risks damage_or_wear_rules category_id source_id,0,102,0,gate1_item_container:102,yes,
location_object_rules,items,content,object presence by place/location/building,08.sql,region_id place_template_id place_id location_type building_type object_category item_template_id probability_band required_reason required_owner required_holder visibility_default access_default legal_risk social_risk economic_justification can_be_generated must_be_pregenerated forbidden_without_reason container_policy hidden_policy,0,0,0,,no,EMPTY
quantity_unit_definitions,items,content,,10.sql,dimension canonical_unit conversion_policy,0,5,0,gate1_item_container:5,yes,
region_material_culture,items,content,material culture catalog,04.sql,region_id title material_category summary commonness status_level allowed_social_roles restricted_social_roles typical_places typical_owners typical_holders typical_materials typical_condition typical_quality typical_value_band typical_marks legal_status social_risk theft_risk trade_risk seasonality economic_source import_or_local,0,0,0,,no,EMPTY
graph_edge_knowledge_rules,knowledge_rumors,content,,08.sql,region_id graph_edge_id social_role_id occupation_id knowledge_level knowledge_source accuracy common_mistakes seasonal_limitations danger_awareness landmarks_known places_known_on_graph_edge can_guide_others will_share_for_free will_share_for_payment will_hide_or_lie,0,0,0,,no,EMPTY
region_knowledge_profiles,knowledge_rumors,content,,09.sql,region_id knowledge_category_id fact_table fact_record_id,0,0,0,,no,EMPTY
region_npc_knowledge,knowledge_rumors,content,,05.sql,region_id social_role_id occupation_id knowledge_type title summary knows_as_fact knows_as_rumor common_mistakes cannot_know taboo_topics dangerous_to_say who_they_trust who_they_fear regional_knowledge local_place_knowledge law_knowledge economy_knowledge religion_knowledge historical_knowledge route_knowledge social_order_knowledge price_knowledge speech_style_notes behavior_effect,0,0,0,,no,EMPTY
rumor_templates,knowledge_rumors,content,,05.sql,region_id title rumor_type summary source_role spread_places spread_graph_edges affected_roles linked_event_id linked_place_id linked_risk_id truth_status distortion_level what_is_visible what_is_hidden who_believes_it who_denies_it danger_of_repeating possible_effects expiration_or_update_rule,0,0,0,,no,EMPTY
legal_status_archetypes,law,content,,03.sql,title summary,8,8,0,gate1_seed,yes,
region_laws,law,content,,02.sql,region_id title law_type applies_to_statuses applies_to_roles applies_to_places period_start_year period_end_year summary rule_text custom_basis authority_enforcing punishment_or_consequence dispute_resolution property_effect violence_effect weapon_effect travel_effect trade_effect religious_effect who_knows_this npc_behavior_effect player_risk,0,0,0,,no,EMPTY
region_name_pool_entries,names,content,,09.sql,name_pool_id name_form name_category_id weight,0,0,0,,no,EMPTY
region_name_pools,names,content,,09.sql,region_id valid_from valid_to,0,0,0,,no,EMPTY
graph_edge_modifiers,nature,content,terrain/season movement multipliers,01.sql,title modifier_type applies_to_edge_type applies_to_terrain_type applies_to_season multiplier summary example landscape_template_id,49,49,0,gate1_seed,yes,
landscape_templates,nature,content,,01.sql,title parent_landscape_template_id landscape_group base_environment dominant_vegetation forest_type moisture_level relief_type soil_ground_type openness seasonal_stability summary base_movement_multiplier default_orientation_difficulty base_risk_level,70,70,0,gate1_seed,yes,
procedural_scene_compiled_records,nature,content,compiled JSON payloads: natural baseline/presentation/placement per G4; only nature content imported,21.sql,record_id record_kind family_candidate_ref payload payload_digest source_pack_digest,,0,0,item_catalog_import(natural baseline/presentation/placement + nature_successor 64),yes,
region_landscape_templates,nature,content,regional permission+weight,02.sql,region_id landscape_template_id is_allowed is_common is_dominant is_rare generation_weight allowed_scale_levels allowed_node_types regional_limits,34,34,0,gate1_seed,yes,
region_water_body_templates,nature,content,regional permission+weight,02.sql,region_id water_body_template_id is_allowed is_common is_dominant is_rare generation_weight allowed_scale_levels allowed_node_types regional_limits,24,24,0,gate1_seed,yes,
water_body_templates,nature,content,,01.sql,title summary water_body_type salinity flow_type typical_depth typical_width drinkable_default supports_boat supports_fishing supports_ford supports_ferry supports_bridge supports_winter_crossing freeze_pattern flood_risk base_crossing_risk navigation_use water_hazard_notes,41,41,0,gate1_seed,yes,
occupation_archetypes,occupations_skills,content,,03.sql,title summary,15,15,0,gate1_seed,yes,
occupation_skill_defaults,occupations_skills,content,,04.sql,occupation_archetype_id primary_skill_ids secondary_skill_ids gate_skill_ids forbidden_skill_ids default_level_logic,15,15,0,gate1_seed,yes,
region_occupations,occupations_skills,content,,04.sql,region_id title occupation_group occupation_archetype_id mapping_review_status mapping_confidence mapping_notes summary allowed_social_roles forbidden_social_roles typical_status typical_wealth typical_gender_age_rules required_location_types required_economy_types required_tools required_materials produced_goods services_provided seasonality work_rhythm income_logic typical_skills typical_attributes typical_clothing typical_equipment typical_risks typical_knowledge typical_contacts settlement_generation_weight npc_generation_weight rarity is_historical_fact is_generated_allowed,68,68,0,gate1_seed,yes,
role_occupation_rules,occupations_skills,content,,04.sql,role_archetype_id occupation_archetype_id is_allowed notes,26,26,0,gate1_seed,yes,
skill_catalog,occupations_skills,content,,04.sql,title summary,12,12,0,gate1_seed,yes,
class_role_rules,people_social,content,,03.sql,social_class_id role_archetype_id is_allowed notes,29,29,0,gate1_seed,yes,
dependency_archetypes,people_social,content,,03.sql,title summary,14,14,0,gate1_seed,yes,
g4_npc_materialization_rules,people_social,content,v2 per graph_node presence,11.sql,graph_node_id slot_rule_id npc_profile_set_id min_count max_count presence_reason causal_basis_type causal_basis_id applicability valid_from valid_to weight,0,0,0,,no,EMPTY
mobility_archetypes,people_social,content,,03.sql,title summary,8,8,0,gate1_seed,yes,
region_behavior_profiles,people_social,content,legacy v2 NPC line,09.sql,region_id behavior_option_id decision_policy_id,0,0,0,,no,EMPTY
region_demographic_profile_entries,people_social,content,sex/age weights,21.sql,demographic_profile_id facet option_id weight applicability,,6,0,appearance_v3:6,yes,
region_demographic_profiles,people_social,content,,09.sql,region_id demographic_option_id minimum_age maximum_age weight,0,1,0,appearance_v3:1,yes,
region_npc_archetypes,people_social,content,legacy v2 NPC line,09.sql,region_id social_role_id occupation_id legal_status_id mobility_id,0,0,0,,no,EMPTY
region_npc_generation_rules,people_social,content,legacy v2 NPC line,05.sql,region_id title npc_profile_type applies_to_place_types applies_to_location_types allowed_social_roles allowed_occupations forbidden_roles rarity_rules name_rules age_rules gender_rules status_rules wealth_rules clothing_rules equipment_rules speech_rules knowledge_rules fear_rules goal_rules authority_rules reaction_to_strangers reaction_to_violence reaction_to_theft reaction_to_trade reaction_to_law background_npc_minimum scene_npc_minimum key_npc_minimum,0,0,0,,no,EMPTY
region_npc_profile_sets,people_social,content,legacy v2 NPC line,09.sql,archetype_id demographic_profile_id name_pool_id appearance_profile_id clothing_profile_id equipment_profile_id knowledge_profile_id behavior_profile_id relationship_profile_id activity_profile_id schedule_profile_id profile_level,0,0,0,,no,EMPTY
region_relationship_profiles,people_social,content,legacy v2 NPC line,09.sql,region_id relationship_option_id constraints,0,0,0,,no,EMPTY
region_social_roles,people_social,content,,04.sql,region_id title role_group social_position_archetype_id social_class_id role_archetype_id legal_status_archetype_id dependency_archetype_id mobility_archetype_id mapping_review_status mapping_confidence mapping_notes status_level free_status dependency_type wealth_level legal_capacity mobility_level social_respect vulnerability_level allowed_occupations forbidden_occupations allowed_weapons forbidden_weapons allowed_places restricted_places property_rights travel_rights trade_rights court_rights tax_obligations service_obligations typical_clothing typical_equipment typical_knowledge typical_speech_register typical_fears typical_goals who_commands_them who_protects_them who_can_punish_them relation_to_church relation_to_power npc_generation_rules player_character_rules,71,71,0,gate1_seed,yes,
social_classes,people_social,content,,03.sql,title summary,10,10,0,gate1_seed,yes,
social_position_archetypes,people_social,content,,03.sql,title social_class_id role_archetype_id legal_status_archetype_id dependency_archetype_id mobility_archetype_id property_rights_model weapon_rights_model court_voice_model typical_power_over_others typical_power_over_them summary,30,30,0,gate1_seed,yes,
social_role_archetypes,people_social,content,,03.sql,title summary,16,16,0,gate1_seed,yes,
spatial_v3_g4_npc_composition_bindings,people_social,content,v3 NPC presence per G4 (min/max),24.sql,g4_id g4_version generation_template_id generation_template_version canonical_g5_id canonical_g5_version min_count max_count payload directness,,33,38,p12:33; capacity_v2:32; additional_start_owners:6,yes,
spatial_v3_npc_regional_context_profiles,people_social,content,v3,24.sql,payload directness,,6,5,p12:6; capacity_v2:5,yes,
spatial_v3_npc_runtime_profiles,people_social,content,v3 production NPC profiles (JSON payload),24.sql,profile_kind role_ref occupation_ref payload directness,,39,9,p12:39; capacity_v2:9,yes,
universal_archetype_proposals,people_social,content,proposal queue,04.sql,source_region_id proposal_type local_term why_existing_archetypes_not_enough proposed_archetype_payload affected_regions review_notes,0,0,0,,no,EMPTY
graph_edges,places,spatial_structure,v2 world graph edges,06.sql,from_node_id to_node_id reverse_edge_id scale_level edge_type base_gu base_distance_km base_time_minutes base_time_hours base_time_days route_template_id landscape_template_id water_body_template_id terrain_type route_surface seasonal_rule access_rule risk_level known_to_commoners known_to_traders known_to_elites known_to_clergy known_to_character_default requires_guide requires_boat requires_horse requires_sled requires_permission requires_orientation_check orientation_difficulty movement_risk_profile failure_consequences historical_status,30248,30248,0,gate1_seed,yes,
graph_nodes,places,spatial_structure,v2 G0-G4 world graph,06.sql,title node_type scale_level parent_node_id region_id place_id grid_x grid_y grid_z region_cell_code cell_shape region_cell_status cell_size_km crossing_base_gu crossing_base_time_hours primary_landscape_template_id secondary_landscape_template_ids landscape_mix_notes primary_water_body_template_id secondary_water_body_template_ids hydrology_notes land_use_template_ids place_template_id terrain_profile water_profile road_profile settlement_density dominant_content known_landmarks canonical_corridors neighbor_node_ids historical_status is_known_to_player_default is_known_to_character_default summary,11359,11359,0,gate1_seed,yes,
graph_scale_rules,places,content,scale G0-G5 rules,01.sql,scale_level title unit typical_edge_min typical_edge_max time_unit uses_gu uses_minutes summary,6,6,0,gate1_seed,yes,
land_use_templates,places,content,"land use (fields, hayfields, fishing grounds)",01.sql,title summary land_use_kind requires_settlement_nearby requires_water_nearby requires_specific_landscape compatible_landscape_template_ids compatible_water_body_template_ids seasonal_pattern labor_intensity economic_use visibility_effect movement_effect risk_effect,45,45,0,gate1_seed,yes,
place_generation_limits,places,content,limits,06.sql,region_id place_template_id max_total max_per_subregion min_total_if_region_active economic_basis_required route_basis_required water_basis_required authority_basis_required historical_anchor_basis_required allowed_near_place_types forbidden_near_place_types minimum_distance_band maximum_distance_band density_logic naming_policy duplication_policy,0,0,0,,no,EMPTY
place_locations,places,world_instance,,07.sql,region_id place_id title location_type summary function access_rules visibility_rules who_controls_access typical_npc_roles typical_objects typical_buildings typical_sounds typical_smells typical_risks social_rules law_risks connected_location_ids entry_points closed_zones public_private_level crowd_level light_level weather_exposure llm_generation_rules item_generation_rules npc_generation_rules,0,0,0,,no,EMPTY
place_minilocations,places,legacy_deprecated,deprecated by contract §13,07.sql,region_id place_id location_id title minilocation_type summary position_description access_rules visibility cover_or_hiding noise_level light_level weather_exposure nearby_objects nearby_npc_roles possible_actions movement_cost risk_notes connected_minilocation_ids anchor_ids,0,0,0,,no,EMPTY
place_templates,places,content,,01.sql,title summary place_kind default_node_type can_exist_inside_landscape requires_water_nearby requires_route_nearby requires_land_use compatible_landscape_template_ids compatible_water_body_template_ids compatible_route_template_ids compatible_land_use_template_ids typical_scale_level settlement_density_effect access_logic social_logic economic_logic defense_logic,64,64,0,gate1_seed,yes,
places,places,world_instance,,06.sql,region_id template_id canonical_name display_name alt_names place_type historical_status is_fixed_historical_place is_generated_place generation_source period_start_year period_end_year summary function_in_region economic_basis political_control religious_control legal_status owner_or_holder population_band wealth_level landscape water_access road_access defense_level market_level craft_level food_supply_level risk_level known_to_commoners known_to_traders known_to_elites known_to_clergy known_to_outsiders visible_description hidden_notes map_notes llm_generation_rules llm_forbidden_changes,0,0,0,,no,EMPTY
region_land_use_templates,places,content,regional permission+weight,02.sql,region_id land_use_template_id is_allowed is_common is_rare generation_weight allowed_scale_levels allowed_node_types regional_limits,31,31,0,gate1_seed,yes,
region_neighbors,places,content,,02.sql,region_id neighbor_region_id direction border_type connection_type trade_connection military_pressure political_relation cultural_relation religious_relation route_connection_summary known_to_commoners known_to_traders known_to_elites known_to_clergy,6,6,0,gate1_seed,yes,
region_place_generation_rules,places,content,limits,04.sql,region_id title template_type summary generation_allowed max_instances_per_region min_distance_from_major_place required_landscape required_economy required_route_access required_water_access seasonal_availability typical_population_band typical_household_count typical_wealth_level typical_authority typical_social_roles typical_occupations typical_buildings typical_animals typical_tools typical_goods typical_food_sources typical_risks typical_conflicts layout_rules naming_rules access_rules law_rules religion_rules trade_rules defense_rules npc_generation_rules item_generation_rules route_generation_rules historical_plausibility_rules,0,0,0,,no,EMPTY
region_place_templates,places,content,regional permission+weight,02.sql,region_id place_template_id is_allowed is_common is_rare generation_weight allowed_scale_levels allowed_node_types regional_limits,39,39,0,gate1_seed,yes,
regions,places,content,,02.sql,canonical_name display_name alt_names region_type parent_region_id period_start_year period_end_year summary geographic_scope natural_landscape climate_summary seasonal_rules waterways_summary roads_summary settlement_logic_summary political_summary ruling_power administrative_structure law_summary custom_summary religion_summary social_order_summary economy_summary military_pressure_summary historical_context_summary neighbor_regions external_pressure_summary common_risks_summary npc_common_knowledge_summary llm_generation_rules llm_forbidden_assumptions llm_context_summary validation_notes,7,7,0,gate1_seed,yes,
scene_anchors,places,legacy_deprecated,deprecated by contract §13,07.sql,region_id place_id location_id minilocation_id title anchor_type summary physical_description is_fixed is_movable is_container is_passage is_obstacle is_light_source is_cover is_dangerous access_rules visibility_rules ownership_status controller condition interaction_rules risk_notes linked_item_ids linked_graph_edge_ids,0,0,0,,no,EMPTY
spatial_v3_boundary_crossing_contracts,places,spatial_structure,v3 world topology,13.sql,boundary_kind route_id route_version route_point_id route_point_version inbound_segment_id inbound_segment_version outbound_segment_id outbound_segment_version from_context_digest to_context_digest transition_contract_id transition_contract_version switch_phase directionality,0,0,0,,no,EMPTY
spatial_v3_canonical_g5_connection_bindings,places,spatial_structure,v3 world topology,16.sql,parent_g4_id parent_g4_version from_canonical_g5_id from_canonical_g5_version to_canonical_g5_id to_canonical_g5_version connection_profile_id connection_profile_version from_scene_endpoint_slot_key to_scene_endpoint_slot_key reverse_binding_id reverse_binding_version source_pair_id source_pair_version,0,908,0,p12:908,yes,
spatial_v3_canonical_g5_connection_profiles,places,spatial_structure,v3 world topology,16.sql,profile_scope passage_type_id transition_environment_profile_id transition_environment_profile_version movement_orientation_profile_id movement_orientation_profile_version cost_kind action_units baseline_movement_method_id movement_method_cost_profile_id movement_method_cost_profile_version base_minutes dynamic_recheck_policy_id dynamic_recheck_policy_version capacity capacity_semantics_ref risk_profile_ref availability_condition_set_ref,0,15,0,p12:15,yes,
spatial_v3_g1_grid_cells,places,spatial_structure,v3 world topology,12.sql,node_id node_version root_g0_id root_g0_version grid_convention grid_x grid_y cell_code,0,1,0,p12:1,yes,
spatial_v3_g4_directional_exits,places,spatial_structure,v3 world topology,13.sql,g4_id g4_version direction_context_id exit_orientation_profile_id exit_orientation_profile_version exit_orientation_rule_id exit_orientation_rule_version exit_kind exit_canonical_g5_id exit_canonical_g5_version boundary_feature_entity_kind boundary_feature_entity_id boundary_feature_version,0,86,0,p12:86,yes,
spatial_v3_g4_entry_endpoint_bindings,places,spatial_structure,v3 world topology,16.sql,g4_id g4_version canonical_g5_id canonical_g5_version arrival_scene_endpoint_slot_key departure_scene_endpoint_slot_key source_pair_id source_pair_version,0,32,0,p12:32,yes,
spatial_v3_movement_orientation_profile_points,places,spatial_structure,v3 world topology,13.sql,profile_id profile_version ordinal progress_ppm local_azimuth_mdeg interpolation_to_next,0,0,0,,no,EMPTY
spatial_v3_movement_orientation_profiles,places,spatial_structure,v3 world topology,13.sql,reference_frame_id reference_frame_version profile_kind fixed_local_azimuth_mdeg vertical_direction reverse_profile_id reverse_profile_version,0,0,0,,no,EMPTY
spatial_v3_node_classes,places,spatial_structure,v3 world topology,12.sql,node_id node_version category_id class_ordinal,0,276,0,p12:276,yes,
spatial_v3_node_facets,places,spatial_structure,v3 world topology,12.sql,node_id node_version facet_category_id facet_ordinal,0,0,0,,no,EMPTY
spatial_v3_node_parents,places,spatial_structure,v3 world topology,12.sql,child_id child_version parent_id parent_version,0,275,0,p12:275,yes,
spatial_v3_nodes,places,spatial_structure,v3 world topology,12.sql,spatial_level stable_label_id primary_class_id evidence_status traversal_model,0,276,0,p12:276; capacity_v2:0,yes,
spatial_v3_orientation_reference_frames,places,spatial_structure,v3 world topology,13.sql,scope_entity_kind scope_entity_id scope_entity_version parent_frame_id parent_frame_version north_offset_mdeg,0,0,0,,no,EMPTY
spatial_v3_relative_orientations,places,spatial_structure,v3 world topology,13.sql,source_entity_kind source_entity_id source_entity_version target_entity_kind target_entity_id target_entity_version reference_frame_id reference_frame_version relation_kind bearing_center_mdeg bearing_half_width_mdeg distance_band_id,0,0,0,,no,EMPTY
spatial_v3_spatial_transition_allowed_route_kinds,places,spatial_structure,v3 world topology,13.sql,transition_contract_id transition_contract_version route_kind_id,0,0,0,,no,EMPTY
spatial_v3_spatial_transition_contracts,places,spatial_structure,v3 world topology,13.sql,transition_kind from_g0_id from_g0_version from_g1_id from_g1_version to_g0_id to_g0_version to_g1_id to_g1_version grid_delta_x grid_delta_y legal_customs_profile_id legal_customs_profile_version,0,0,0,,no,EMPTY
spatial_v3_topological_direction_contexts,places,spatial_structure,v3 world topology,16.sql,from_g4_id from_g4_version to_g4_id to_g4_version from_canonical_g5_id from_canonical_g5_version to_canonical_g5_id to_canonical_g5_version orientation_profile_id orientation_profile_version,0,86,0,p12:86,yes,
spatial_v3_topological_exit_orientation_rules,places,spatial_structure,v3 world topology,16.sql,rule_kind forbids_compass_inference,0,1,0,p12:1,yes,
spatial_v3_topological_movement_orientation_profiles,places,spatial_structure,v3 world topology,16.sql,orientation_kind vertical_direction forbids_compass_inference,0,4,0,p12:4,yes,
spatial_v3_world_route_endpoint_bindings,places,spatial_structure,v3 world topology,13.sql,world_route_id world_route_version endpoint_role route_point_id route_point_version canonical_g5_id canonical_g5_version directional_exit_id directional_exit_version scene_endpoint_slot_key,0,172,0,p12:172,yes,
spatial_v3_world_route_points,places,spatial_structure,v3 world topology,13.sql,world_route_id world_route_version ordinal point_kind anchor_policy stable_label_id context_switch_phase,0,172,0,p12:172,yes,
spatial_v3_world_route_segment_spatial_contexts,places,spatial_structure,v3 world topology,13.sql,segment_id segment_version g0_id g0_version g1_id g1_version g2_id g2_version g3_id g3_version g4_corridor_id g4_corridor_version jurisdiction_profile_id jurisdiction_profile_version weather_scope_id event_pool_profile_id event_pool_profile_version,0,86,0,p12:86,yes,
spatial_v3_world_route_segments,places,spatial_structure,v3 world topology,13.sql,world_route_id world_route_version ordinal from_point_id from_point_version to_point_id to_point_version transition_environment_profile_id transition_environment_profile_version movement_orientation_profile_id movement_orientation_profile_version topological_orientation_profile_id topological_orientation_profile_version baseline_movement_method_id movement_method_cost_profile_id movement_method_cost_profile_version base_minutes dynamic_recheck_policy_id dynamic_recheck_policy_version capacity risk_profile_id risk_profile_version availability_condition_set_id availability_condition_set_version,0,86,0,p12:86,yes,
spatial_v3_world_routes,places,spatial_structure,v3 world topology,13.sql,route_kind_id reverse_route_id reverse_route_version availability_condition_set_id availability_condition_set_version risk_profile_id risk_profile_version,0,86,0,p12:86,yes,
property_profile_rules,property_ownership,content,,10.sql,property_profile_id owner_kind holder_kind controller_kind access_policy claim_conditions,0,19,0,gate1_item_container:19,yes,
property_profiles,property_ownership,content,,10.sql,region_id property_category_id,0,19,0,gate1_item_container:19,yes,
audit_log,provenance,provenance_infra,,08.sql,target_table target_record_id action_type old_value new_value reason changed_by changed_at notes,0,0,0,,no,EMPTY
catalog_import_tables,provenance,provenance_infra,,11.sql,import_id table_name payload_digest record_count dependency_order,0,0,0,,no,EMPTY
catalog_imports,provenance,provenance_infra,,11.sql,manifest_schema_version manifest_digest approval_status deletion_mode provenance validation_report imported_at,0,0,0,,no,EMPTY
record_sources,provenance,provenance_infra,,08.sql,source_id target_table target_record_id support_type summary page_or_section contradiction_notes,0,303,0,gate1_item_container:15; p12:288,yes,
source_records,provenance,provenance_infra,bibliographic sources,01.sql,title source_type author publication_year period_covered region_covered url file_reference page_or_section quote_short summary reliability_level bias_notes usefulness limitations checked_by checked_at,183,217,5,gate1_seed; gate1_item_container:17; p12:17; capacity_v2:3; additional_start_owners:2,yes,
spatial_v3_approved_physical_source_pairs,provenance,provenance_infra,,16.sql,source_payload_sha256,0,358,0,p12:358,yes,
spatial_v3_authoring_dependency_edges,provenance,provenance_infra,,12.sql,source_entity_kind source_entity_id source_version dependency_role target_entity_kind target_entity_id target_version canonical_ordinal target_registry_type target_registry_id target_registry_version target_registry_digest target_dependency_digest,0,4860,0,p12:4860,yes,
spatial_v3_authoring_versions,provenance,provenance_infra,,12.sql,entity_id,0,2760,457,p12:2760; capacity_v2:447; additional_start_owners:10,yes,
spatial_v3_controlled_vocabulary_bindings,provenance,provenance_infra,,12.sql,pseudo_type registry_id registry_path registry_version registry_digest,0,0,0,,no,EMPTY
spatial_v3_external_dependency_versions,provenance,provenance_infra,,19.sql,registry_type registry_id registry_version registry_digest dependency_id dependency_version dependency_digest approval_ref approval_digest,0,99,0,p12:99,yes,
spatial_v3_graph_node_migration_inventory,provenance,migration_evidence,,12.sql,legacy_graph_node_id legacy_scale_level target_spatial_level target_spatial_node_id target_spatial_node_version target_world_revision_id mapping_status source_digest mapping_digest reviewed_source_ref review_reason gap_code,0,0,0,,no,EMPTY
spatial_v3_migration_coverage_artifacts,provenance,migration_evidence,,17.sql,artifact_id party_id source_scope source_digest source_record_count inventory_digest inventory_target_digest target_digest acceptance_ok error_codes source_snapshot,0,0,0,,no,EMPTY
spatial_v3_world_revisions,provenance,provenance_infra,,12.sql,parent_revision_id catalog_digest,0,1,0,p12:1,yes,
world_revisions,provenance,provenance_infra,,09.sql,parent_revision_id title effective_from effective_to catalog_digest approved_at,0,9,0,gate1_item_container:1; appearance_v3:1,yes,
religious_context,religion,content,,05.sql,region_id title religion_type summary dominant_religion minority_religions religious_authority sacred_places monastery_presence church_presence ritual_calendar taboos oath_rules burial_rules hospitality_rules charity_rules conflict_rules role_effects law_effects npc_knowledge player_risks,0,0,0,,no,EMPTY
conflict_templates,risks_conflicts,content,,05.sql,region_id title conflict_type summary applies_to_place_types applies_to_roles applies_to_occupations trigger_conditions participants stakes visible_signs hidden_layers possible_escalation possible_resolution law_involvement authority_involvement rumor_effect relationship_effect economic_effect,0,0,0,,no,EMPTY
region_risks,risks_conflicts,content,,05.sql,region_id title risk_type summary applies_to_places applies_to_graph_edges applies_to_roles applies_to_occupations seasonality trigger_conditions visible_signs hidden_causes possible_consequences risk_level frequency avoidance_methods mitigation_methods npc_reactions law_consequences economic_consequences body_state_consequences item_consequences,0,0,0,,no,EMPTY
spatial_v3_acoustic_edge_templates,scenes_g5_g6,content,v3 scene templates (places interior),14.sql,scene_template_id scene_template_version edge_slot_key from_g6_scene_slot_key to_g6_scene_slot_key base_loss portal_template_id portal_template_version closed_extra_loss reverse_edge_slot_key condition_profile_id condition_profile_version,0,0,0,,no,EMPTY
spatial_v3_continuation_length_candidates,scenes_g5_g6,content,v3 G4->G5 expansion/capacity,14.sql,rule_id rule_version terminal_ordinal weight,0,4,0,p12:4,yes,
spatial_v3_continuation_length_rules,scenes_g5_g6,content,v3 G4->G5 expansion/capacity,14.sql,selection_kind,0,1,0,p12:1,yes,
spatial_v3_expansion_profile_template_limits,scenes_g5_g6,content,v3 G4->G5 expansion/capacity,14.sql,profile_id profile_version template_id template_version max_count,0,32,32,p12:32; capacity_v2:32,yes,
spatial_v3_expansion_rule_sets,scenes_g5_g6,content,v3 G4->G5 expansion/capacity,22.sql,rule_kind strategy,,3,0,p12:3,yes,
spatial_v3_expansion_slot_templates,scenes_g5_g6,content,v3 G4->G5 expansion/capacity,14.sql,slot_id slot_version template_id template_version selection_weight compatibility_rule_id compatibility_rule_version,0,86,86,p12:86; capacity_v2:86,yes,
spatial_v3_expansion_slots,scenes_g5_g6,content,v3 G4->G5 expansion/capacity,14.sql,profile_id profile_version g4_id g4_version continuation_role direction_context_id directional_exit_id directional_exit_version max_instances continuation_length_rule_id continuation_length_rule_version terminal_policy_id terminal_policy_version,0,86,0,p12:86,yes,
spatial_v3_g4_expansion_profiles,scenes_g5_g6,content,v3 G4->G5 expansion/capacity,14.sql,g4_id g4_version adjacency_rule_set_id adjacency_rule_set_version connectivity_rule_set_id connectivity_rule_set_version seed_policy_id seed_policy_version,0,32,0,p12:32,yes,
spatial_v3_g5_generation_templates,scenes_g5_g6,content,v3 G4->G5 expansion/capacity,14.sql,g5_class_id regional_template_id regional_template_version scene_materialization_profile_id scene_materialization_profile_version,0,25,25,p12:25; capacity_v2:25,yes,
spatial_v3_g5_successor_frontier_rules,scenes_g5_g6,content,v3 G4->G5 expansion/capacity,14.sql,g5_template_id g5_template_version ordinal source_expansion_slot_id source_expansion_slot_version successor_kind target_expansion_slot_id target_expansion_slot_version scene_endpoint_slot_key terminal_policy_id terminal_policy_version condition_rule_id condition_rule_version,0,86,86,p12:86; capacity_v2:86,yes,
spatial_v3_g6_acoustic_baselines,scenes_g5_g6,content,v3 scene templates (places interior),23.sql,g5_template_id g5_template_version canonical_g5_id canonical_g5_version scene_template_id scene_template_version g6_scene_slot_key ambient_noise directness,,71,75,p12:71; capacity_v2:71; additional_start_owners:4,yes,
spatial_v3_g6_template_slots,scenes_g5_g6,content,v3 scene templates (places interior),14.sql,scene_template_id scene_template_version scene_slot_key physical_class_id primary_scene_role_id vertical_context_id overhead_cover_id intra_g6_visibility_mode default_visibility_distance_band acoustic_uniformity enclosing_structure_slot_key,0,17,17,p12:17; capacity_v2:17,yes,
spatial_v3_local_movement_eligibility_profiles,scenes_g5_g6,content,v3 scene templates (places interior),25.sql,scene_template_id scene_template_version scene_template_digest edge_slot_key opposing_edge_slot_key from_position_slot_key to_position_slot_key eligibility_kind max_root_owners_per_transition directness,,68,68,p12:68; capacity_v2:68,yes,
spatial_v3_portal_state_template_behaviors,scenes_g5_g6,content,v3 scene templates (places interior),14.sql,portal_template_id portal_template_version relation_kind state behavior_id behavior_version,0,0,0,,no,EMPTY
spatial_v3_portal_templates,scenes_g5_g6,content,v3 scene templates (places interior),14.sql,scene_template_id scene_template_version portal_slot_key portal_class_id default_state controlling_structure_slot_key,0,0,0,,no,EMPTY
spatial_v3_regional_scene_template_bases,scenes_g5_g6,content,v3 scene templates (places interior),15.sql,source_profile_family_id geometry_claim,0,17,0,p12:17; capacity_v2:0,yes,
spatial_v3_scene_applicability_rules,scenes_g5_g6,content,v3 scene templates (places interior),15.sql,rule_kind,0,1,0,p12:1; capacity_v2:0,yes,
spatial_v3_scene_endpoint_slots,scenes_g5_g6,content,v3 scene templates (places interior),14.sql,scene_template_id scene_template_version slot_key endpoint_role required_position_slot_key required_position_instance_ordinal,0,34,34,p12:34; capacity_v2:34,yes,
spatial_v3_scene_materialization_candidates,scenes_g5_g6,content,v3 scene templates (places interior),14.sql,profile_id profile_version scene_template_id scene_template_version weight applicability_rule_id applicability_rule_version,0,220,220,p12:220; capacity_v2:220,yes,
spatial_v3_scene_materialization_profiles,scenes_g5_g6,content,v3 scene templates (places interior),14.sql,source_kind source_entity_id source_entity_version selection_rule_id selection_rule_version,0,220,220,p12:220; capacity_v2:220,yes,
spatial_v3_scene_movement_edge_templates,scenes_g5_g6,content,v3 scene templates (places interior),14.sql,scene_template_id scene_template_version edge_slot_key from_position_slot_key to_position_slot_key passage_type_id transition_environment_profile_id transition_environment_profile_version movement_orientation_profile_id movement_orientation_profile_version cost_kind action_units baseline_movement_method_id movement_method_cost_profile_id movement_method_cost_profile_version base_minutes dynamic_recheck_policy_id dynamic_recheck_policy_version capacity portal_template_id portal_template_version availability_condition_set_id availability_condition_set_version reverse_edge_slot_key,0,68,68,p12:68; capacity_v2:68,yes,
spatial_v3_scene_position_templates,scenes_g5_g6,content,v3 scene templates (places interior),14.sql,scene_template_id scene_template_version position_slot_key g6_scene_slot_key instance_count position_type_id capacity access_class_id,0,51,51,p12:51; capacity_v2:51,yes,
spatial_v3_scene_selection_rules,scenes_g5_g6,content,v3 scene templates (places interior),15.sql,rule_kind,0,1,0,p12:1,yes,
spatial_v3_scene_templates,scenes_g5_g6,content,v3 scene templates (places interior),14.sql,regional_template_id regional_template_version,0,17,17,p12:17; capacity_v2:17,yes,
spatial_v3_stable_structure_templates,scenes_g5_g6,content,v3 scene templates (places interior),14.sql,scene_template_id scene_template_version structure_slot_key structure_class_id material_profile_id material_profile_version state_profile_id state_profile_version evidence_ref,0,0,0,,no,EMPTY
spatial_v3_terminal_policies,scenes_g5_g6,content,v3 G4->G5 expansion/capacity,14.sql,policy_kind target_directional_exit_id target_directional_exit_version,0,86,0,p12:86,yes,
spatial_v3_visibility_link_templates,scenes_g5_g6,content,v3 scene templates (places interior),14.sql,scene_template_id scene_template_version link_slot_key from_position_slot_key to_position_slot_key quality distance_band portal_template_id portal_template_version condition_profile_id condition_profile_version reverse_link_slot_key stable_asymmetry_evidence_ref,0,0,0,,no,EMPTY
region_activity_profiles,time_calendar_schedules,content,,09.sql,region_id activity_option_id presence_reason graph_node_id,0,0,0,,no,EMPTY
region_schedule_profiles,time_calendar_schedules,content,,09.sql,region_id activity_profile_id time_band place_id route_template_id fallback_activity_profile_id,0,0,0,,no,EMPTY
seasonal_rules,time_calendar_schedules,content,per-season effects incl. food/disease/clothing,05.sql,region_id season title weather_profile daylight_profile road_effects river_effects forest_effects field_effects food_effects work_effects trade_effects war_effects disease_effects clothing_requirements shelter_requirements available_occupations restricted_occupations available_graph_edges restricted_graph_edges common_risks common_scenes,0,0,0,,no,EMPTY
temporal_authoring_records,time_calendar_schedules,content,"JSON payload families: calendar, activity, weather transition, body-time effects, place access schedule, npc schedule/reaction, historical phase effects",18.sql,record_id family_id record_kind record_version applicability provenance_refs normalized_reference_ids source_history_refs payload,0,0,0,,no,EMPTY
temporal_normalized_references,time_calendar_schedules,provenance_infra,,18.sql,reference_id family_id source_record_id target_table target_record_id binding,0,0,0,,no,EMPTY
temporal_provenance,time_calendar_schedules,provenance_infra,,18.sql,provenance_id family_id source_ids approval,0,0,0,,no,EMPTY
temporal_source_history,time_calendar_schedules,provenance_infra,,18.sql,source_id family_id source_path source_sha256 metadata,0,0,0,,no,EMPTY
route_templates,transport_movement,content,,01.sql,title summary route_kind default_edge_type surface_type requires_landscape_template requires_water_body_template supports_pedestrian supports_horse supports_cart supports_sled supports_boat seasonal_availability default_access_rule default_orientation_difficulty default_risk_level default_movement_multiplier,21,21,0,gate1_seed,yes,
spatial_v3_action_contracts,transport_movement,content,v3 movement cost/risk/check rules,13.sql,action_kind_id cost_kind failure_location_policy failure_execution_transition,0,0,0,,no,EMPTY
spatial_v3_activity_contracts,transport_movement,content,v3 movement cost/risk/check rules,13.sql,activity_kind_id cost_kind interruption_policy_id interruption_policy_version failure_time_retention_policy failure_execution_transition,0,0,0,,no,EMPTY
spatial_v3_dynamic_recheck_policies,transport_movement,content,v3 movement cost/risk/check rules,13.sql,policy_kind progress_slice_ppm interval_minutes event_triggers definition,0,4,0,p12:4,yes,
spatial_v3_dynamic_recheck_policy_points,transport_movement,content,v3 movement cost/risk/check rules,13.sql,policy_id policy_version ordinal progress_ppm,0,0,0,,no,EMPTY
spatial_v3_g4_traversal_profiles,transport_movement,content,v3 movement cost/risk/check rules,16.sql,g4_id g4_version traversal_model,0,32,0,p12:32,yes,
spatial_v3_movement_method_cost_options,transport_movement,content,v3 movement cost/risk/check rules,13.sql,profile_id profile_version movement_method_id cost_mode factor_numerator factor_denominator,0,0,0,,no,EMPTY
spatial_v3_movement_method_cost_profiles,transport_movement,content,v3 movement cost/risk/check rules,13.sql,baseline_movement_method_id base_minutes dynamic_modifiers_required calibration_kind distance_derived measured_historical_duration definition,0,9,0,p12:9,yes,
spatial_v3_movement_mode_transition_contracts,transport_movement,content,v3 movement cost/risk/check rules,13.sql,transition_kind cost_kind source_carrier_kind target_carrier_kind,0,0,0,,no,EMPTY
spatial_v3_recovery_transition_templates,transport_movement,content,v3 movement cost/risk/check rules,13.sql,source_selector_kind target_selector_kind target_selector_value required_cost_contract_id required_cost_contract_version,0,0,0,,no,EMPTY
spatial_v3_transition_environment_profiles,transport_movement,content,v3 movement cost/risk/check rules,13.sql,environment_class_id permanent_cost_basis_id dynamic_environment_rule_set_id dynamic_environment_rule_set_version definition,0,8,0,p12:8,yes,
spatial_v3_traversal_availability_policies,transport_movement,content,v3 movement cost/risk/check rules,20.sql,scenario_id season_mode daylight_required fallback_behavior unsupported_state_behavior,0,0,0,,no,EMPTY
spatial_v3_traversal_availability_values,transport_movement,content,v3 movement cost/risk/check rules,20.sql,policy_id policy_version dimension_id value_id disposition canonical_ordinal,0,0,0,,no,EMPTY
spatial_v3_traversal_check_policies,transport_movement,content,v3 movement cost/risk/check rules,20.sql,activation_domain characteristic_id modifier_skill_id one_factor_dc two_factor_dc maximum_factor_count identity_scope_kind,0,0,0,,no,EMPTY
spatial_v3_traversal_check_triggers,transport_movement,content,v3 movement cost/risk/check rules,20.sql,check_policy_id check_policy_version trigger_id canonical_ordinal,0,0,0,,no,EMPTY
spatial_v3_traversal_consequence_policies,transport_movement,content,v3 movement cost/risk/check rules,20.sql,pre_progress_elapsed_minutes pre_progress_progress_ppm positive_progress_delay_minutes positive_progress_energy_delta condition_candidate_id first_failure_state repeated_failure_state preserves_committed_elapsed preserves_committed_progress fatality_allowed craft_destruction_allowed inventory_wipe_allowed,0,0,0,,no,EMPTY
spatial_v3_traversal_risk_check_bindings,transport_movement,content,v3 movement cost/risk/check rules,20.sql,risk_profile_id risk_profile_version check_domain check_policy_id check_policy_version canonical_ordinal,0,0,0,,no,EMPTY
spatial_v3_traversal_risk_hazards,transport_movement,content,v3 movement cost/risk/check rules,20.sql,risk_profile_id risk_profile_version hazard_class_id canonical_ordinal,0,0,0,,no,EMPTY
spatial_v3_traversal_risk_profiles,transport_movement,content,v3 movement cost/risk/check rules,20.sql,environment_profile_id environment_profile_version activation_kind severity_band random_draw_allowed mixed_check_domain_behavior consequence_policy_id consequence_policy_version,0,0,0,,no,EMPTY
transport_templates,transport_movement,content,,10.sql,region_id category_id route_category_id equipment_profile_id,0,0,0,,no,EMPTY
weather_profiles,weather,content,,08.sql,region_id seasonal_rule_id title weather_type summary temperature_band precipitation wind visibility ground_condition water_condition road_modifier movement_modifier body_state_risk npc_activity_effect trade_effect combat_effect stealth_effect fire_effect visible_description sound_description smell_description,0,0,0,,no,EMPTY
